,human,mouse,zebrafish,c.elegans,drosophila,ciliate,yeast,methanocaldococcus,thermococcus,e.coli,tuberculosis
MINA,1e-300,1e-300,1e-300,3.5e-51,9.05e-43,1.8,1.0,0.6,1.2,0.002,2.6
H2A,1.6299999999999998e-89,5.0000000000000004e-89,3.4499999999999995e-82,1.34e-65,5.17e-68,6.05e-57,3.96e-63,0.000462,0.003,1.7,0.43
H2B,2.52e-88,1.76e-88,9.04e-83,6.53e-66,2.82e-60,4.57e-51,5.4e-60,1.8,1.2,1.6,2.2
H3,2.19e-96,1.54e-96,1.7699999999999998e-95,4.46e-94,9.39e-96,8.41e-86,3.31e-87,0.034,0.057,0.9,4.6
H4,1.0899999999999999e-67,7.599999999999999e-68,1.1299999999999999e-68,6.15e-68,8.02e-68,1.96e-45,1.08e-52,8.22e-05,3.31e-05,1.3,0.069
