,human,mouse,zebrafish,c.elegans,drosophila,ciliate,yeast,methanocaldococcus,thermococcus,e.coli,tuberculosis
MINA,300.0,300.0,300.0,50.455931955649724,42.0433514207948,-0.25527250510330607,-0.0,0.2218487496163564,-0.07918124604762482,2.6989700043360187,-0.414973347970818
H2A,88.78781239559605,88.30102999566398,81.46218090492673,64.87289520163519,67.28650945690606,56.21824462534753,62.40230481407449,3.3353580244438743,2.5228787452803374,-0.2304489213782739,0.36653154442041347
H2B,87.59859945921846,87.75448733218585,82.04383156952464,65.18508681872493,59.54975089168064,50.34008379993015,59.26760624017703,-0.25527250510330607,-0.07918124604762482,-0.2041199826559248,-0.3424226808222063
H3,95.65955588515988,95.81247927916354,94.75202673363819,93.35066514128786,95.02733440773389,85.07572071393813,86.48017200622428,1.4685210829577449,1.2441251443275085,0.045757490560675115,-0.6627578316815741
H4,66.96257350205937,67.11918640771921,67.94692155651659,67.21112488422459,67.09582563171584,44.69897000433602,51.96657624451305,4.0851281824599495,4.480172006224281,-0.11394335230683679,1.1611509092627446
